dataset_phase,rmse_cycles,mae_cycles,mape_percent,r2,ae_eol_cycles,knee_mpe_percent
NASA B0005 — Early (30%),5.2 ± 0.6,3.4 ± 0.4,2.8 ± 0.3,0.985 ± 0.004,3.1 ± 0.4,1.9 ± 0.2
NASA B0005 — Mid (50%),3.6 ± 0.4,2.4 ± 0.3,2.0 ± 0.2,0.993 ± 0.002,2.1 ± 0.3,1.3 ± 0.2
NASA B0005 — Late (70%),2.2 ± 0.3,1.5 ± 0.2,1.2 ± 0.1,0.997 ± 0.001,1.3 ± 0.2,0.9 ± 0.1
NASA B0006 (Overall),3.8 ± 0.4,2.5 ± 0.3,2.1 ± 0.2,0.993 ± 0.002,2.3 ± 0.3,1.5 ± 0.2
NASA (Average),3.7 ± 0.4,2.5 ± 0.3,2.0 ± 0.2,0.993 ± 0.002,2.2 ± 0.3,1.4 ± 0.2
CALCE CS2-33 (Overall),4.2 ± 0.5,2.8 ± 0.4,2.3 ± 0.3,0.992 ± 0.003,2.6 ± 0.3,1.7 ± 0.2
Oxford Cell 1 (Overall),4.1 ± 0.4,2.8 ± 0.3,2.2 ± 0.2,0.992 ± 0.002,2.5 ± 0.3,1.6 ± 0.2
NDANEV Vehicle 1 — Early (30%),7.0 ± 0.7,4.7 ± 0.5,3.9 ± 0.4,0.977 ± 0.005,4.4 ± 0.4,2.8 ± 0.3
NDANEV Vehicle 1 — Mid (50%),5.6 ± 0.6,3.8 ± 0.5,3.1 ± 0.4,0.984 ± 0.004,3.5 ± 0.4,2.3 ± 0.3
NDANEV Vehicle 1 — Late (70%),4.0 ± 0.4,2.7 ± 0.3,2.2 ± 0.2,0.991 ± 0.003,2.4 ± 0.3,1.6 ± 0.2
NDANEV (Overall),5.8 ± 0.6,3.8 ± 0.5,3.2 ± 0.4,0.983 ± 0.004,3.5 ± 0.4,2.3 ± 0.3
BatteryML Fleet Avg. (Overall),5.1 ± 0.5,3.4 ± 0.4,2.8 ± 0.3,0.987 ± 0.003,3.1 ± 0.3,2.0 ± 0.2
Overall Average (All Datasets),4.5 ± 0.5,3.0 ± 0.4,2.5 ± 0.3,0.990 ± 0.003,2.7 ± 0.3,1.8 ± 0.2
